      'CASE',      'RAD?',     'TRIM?',      'MACH',        'RE',       'ALT',         'Q',      'BETA',       'PHI',     'ALPHA',        'CL',        'CD',     'CL/CD'
1,0,0,1,5.30E+06,10000,1018.9186,0,0,-5,-1.066585,0.8069,-1.321830462
1,0,0,1.25,6.70E+06,10000,1592.0603,0,0,-5,-0.72423,0.6229,-1.162674587
1,0,0,1.5,8.00E+06,10000,2292.5669,0,0,-5,-0.723515,0.5777,-1.252406093
1,0,0,1.75,9.30E+06,10000,3120.4382,0,0,-5,-0.711815,0.5405,-1.316956522
1,0,0,2,1.10E+07,10000,4075.6743,0,0,-5,-0.70031,0.5089,-1.376124975
1,0,0,2.5,1.30E+07,10000,6368.2412,0,0,-5,-0.669045,0.4464,-1.49875672
1,0,0,3,1.60E+07,10000,9170.2676,0,0,-5,-0.642395,0.3915,-1.640855683
1,0,0,4,2.10E+07,10000,16302.6973,0,0,-5,-0.608205,0.3158,-1.925918303
1,0,0,1,5.30E+06,10000,1018.9186,0,0,-1,-0.19669,0.6675,-0.294666667
1,0,0,1.25,6.70E+06,10000,1592.0603,0,0,-1,-0.12246,0.5228,-0.234238715
1,0,0,1.5,8.00E+06,10000,2292.5669,0,0,-1,-0.1209,0.4767,-0.253618628
1,0,0,1.75,9.30E+06,10000,3120.4382,0,0,-1,-0.11856,0.4411,-0.268782589
1,0,0,2,1.10E+07,10000,4075.6743,0,0,-1,-0.116285,0.411,-0.282931873
1,0,0,2.5,1.30E+07,10000,6368.2412,0,0,-1,-0.10998,0.3526,-0.311911514
1,0,0,3,1.60E+07,10000,9170.2676,0,0,-1,-0.104585,0.3012,-0.347227756
1,0,0,4,2.10E+07,10000,16302.6973,0,0,-1,-0.09789,0.23,-0.425608696
1,0,0,1,5.30E+06,10000,1018.9186,0,0,0,0,0.6621,0
1,0,0,1.25,6.70E+06,10000,1592.0603,0,0,0,0,0.5192,0
1,0,0,1.5,8.00E+06,10000,2292.5669,0,0,0,0,0.4731,0
1,0,0,1.75,9.30E+06,10000,3120.4382,0,0,0,0,0.4376,0
1,0,0,2,1.10E+07,10000,4075.6743,0,0,0,0,0.4076,0
1,0,0,2.5,1.30E+07,10000,6368.2412,0,0,0,0,0.3494,0
1,0,0,3,1.60E+07,10000,9170.2676,0,0,0,0,0.2981,0
1,0,0,4,2.10E+07,10000,16302.6973,0,0,0,0,0.2271,0
1,0,0,1,5.30E+06,10000,1018.9186,0,0,1,0.19669,0.6675,0.294666667
1,0,0,1.25,6.70E+06,10000,1592.0603,0,0,1,0.12246,0.5228,0.234238715
1,0,0,1.5,8.00E+06,10000,2292.5669,0,0,1,0.1209,0.4767,0.253618628
1,0,0,1.75,9.30E+06,10000,3120.4382,0,0,1,0.11856,0.4411,0.268782589
1,0,0,2,1.10E+07,10000,4075.6743,0,0,1,0.116285,0.411,0.282931873
1,0,0,2.5,1.30E+07,10000,6368.2412,0,0,1,0.10998,0.3526,0.311911514
1,0,0,3,1.60E+07,10000,9170.2676,0,0,1,0.104585,0.3012,0.347227756
1,0,0,4,2.10E+07,10000,16302.6973,0,0,1,0.09789,0.23,0.425608696
1,0,0,1,5.30E+06,10000,1018.9186,0,0,5,1.066585,0.8069,1.321830462
1,0,0,1.25,6.70E+06,10000,1592.0603,0,0,5,0.72423,0.6229,1.162674587
1,0,0,1.5,8.00E+06,10000,2292.5669,0,0,5,0.723515,0.5777,1.252406093
1,0,0,1.75,9.30E+06,10000,3120.4382,0,0,5,0.711815,0.5405,1.316956522
1,0,0,2,1.10E+07,10000,4075.6743,0,0,5,0.70031,0.5089,1.376124975
1,0,0,2.5,1.30E+07,10000,6368.2412,0,0,5,0.669045,0.4464,1.49875672
1,0,0,3,1.60E+07,10000,9170.2676,0,0,5,0.642395,0.3915,1.640855683
1,0,0,4,2.10E+07,10000,16302.6973,0,0,5,0.608205,0.3158,1.925918303
1,0,0,1,5.30E+06,10000,1018.9186,0,0,10,2.254265,1.2778,1.76417671
1,0,0,1.25,6.70E+06,10000,1592.0603,0,0,10,1.683175,0.9942,1.692994367
1,0,0,1.5,8.00E+06,10000,2292.5669,0,0,10,1.75916,0.977,1.800573183
1,0,0,1.75,9.30E+06,10000,3120.4382,0,0,10,1.73706,0.9352,1.857420873
1,0,0,2,1.10E+07,10000,4075.6743,0,0,10,1.715285,0.8991,1.907780002
1,0,0,2.5,1.30E+07,10000,6368.2412,0,0,10,1.66205,0.8262,2.011679981
1,0,0,3,1.60E+07,10000,9170.2676,0,0,10,1.62539,0.7647,2.12552635
1,0,0,4,2.10E+07,10000,16302.6973,0,0,10,1.56026,0.6756,2.309443458
1,0,0,1,5.30E+06,10000,1018.9186,0,0,15,3.620175,2.1632,1.673527644
1,0,0,1.25,6.70E+06,10000,1592.0603,0,0,15,2.71817,1.6744,1.623369565
1,0,0,1.5,8.00E+06,10000,2292.5669,0,0,15,2.90914,1.7234,1.688023674
1,0,0,1.75,9.30E+06,10000,3120.4382,0,0,15,2.925065,1.6979,1.722754579
1,0,0,2,1.10E+07,10000,4075.6743,0,0,15,2.89354,1.6546,1.748785205
1,0,0,2.5,1.30E+07,10000,6368.2412,0,0,15,2.85636,1.5803,1.807479592
1,0,0,3,1.60E+07,10000,9170.2676,0,0,15,2.800915,1.5056,1.860331429
1,0,0,4,2.10E+07,10000,16302.6973,0,0,15,2.58999,1.3467,1.923212297
1,0,0,1,5.30E+06,10000,1018.9186,0,0,20,5.14488,3.5585,1.445800197
1,0,0,1.25,6.70E+06,10000,1592.0603,0,0,20,4.02831,2.8376,1.419618692
1,0,0,1.5,8.00E+06,10000,2292.5669,0,0,20,4.179175,2.8864,1.447884909
1,0,0,1.75,9.30E+06,10000,3120.4382,0,0,20,4.33979,2.9546,1.468824883
1,0,0,2,1.10E+07,10000,4075.6743,0,0,20,4.291365,2.9001,1.479730009
1,0,0,2.5,1.30E+07,10000,6368.2412,0,0,20,4.17625,2.7762,1.504304445
1,0,0,3,1.60E+07,10000,9170.2676,0,0,20,3.989245,2.6191,1.52313581
1,0,0,4,2.10E+07,10000,16302.6973,0,0,20,3.698435,2.3835,1.5516824
1,0,0,1,2.80E+06,30000,440.7621,0,0,-5,-1.066455,0.8092,-1.317912753
1,0,0,1.25,3.50E+06,30000,688.6908,0,0,-5,-0.72423,0.6229,-1.162674587
1,0,0,1.5,4.30E+06,30000,991.7147,0,0,-5,-0.723515,0.5777,-1.252406093
1,0,0,1.75,5.00E+06,30000,1349.834,0,0,-5,-0.711815,0.5405,-1.316956522
1,0,0,2,5.70E+06,30000,1763.0485,0,0,-5,-0.70031,0.5089,-1.376124975
1,0,0,2.5,7.10E+06,30000,2754.7632,0,0,-5,-0.668915,0.4483,-1.492114655
1,0,0,3,8.50E+06,30000,3966.8589,0,0,-5,-0.641875,0.3998,-1.605490245
1,0,0,4,1.10E+07,30000,7052.1938,0,0,-5,-0.607425,0.3296,-1.842915655
1,0,0,1,2.80E+06,30000,440.7621,0,0,-1,-0.19669,0.6698,-0.293654822
1,0,0,1.25,3.50E+06,30000,688.6908,0,0,-1,-0.12246,0.5228,-0.234238715
1,0,0,1.5,4.30E+06,30000,991.7147,0,0,-1,-0.1209,0.4767,-0.253618628
1,0,0,1.75,5.00E+06,30000,1349.834,0,0,-1,-0.11856,0.4411,-0.268782589
1,0,0,2,5.70E+06,30000,1763.0485,0,0,-1,-0.116285,0.411,-0.282931873
1,0,0,2.5,7.10E+06,30000,2754.7632,0,0,-1,-0.10998,0.3545,-0.310239774
1,0,0,3,8.50E+06,30000,3966.8589,0,0,-1,-0.10452,0.3096,-0.337596899
1,0,0,4,1.10E+07,30000,7052.1938,0,0,-1,-0.09776,0.2439,-0.400820008
1,0,0,1,2.80E+06,30000,440.7621,0,0,0,0,0.6643,0
1,0,0,1.25,3.50E+06,30000,688.6908,0,0,0,0,0.5192,0
1,0,0,1.5,4.30E+06,30000,991.7147,0,0,0,0,0.4731,0
1,0,0,1.75,5.00E+06,30000,1349.834,0,0,0,0,0.4376,0
1,0,0,2,5.70E+06,30000,1763.0485,0,0,0,0,0.4076,0
1,0,0,2.5,7.10E+06,30000,2754.7632,0,0,0,0,0.3513,0
1,0,0,3,8.50E+06,30000,3966.8589,0,0,0,0,0.3065,0
1,0,0,4,1.10E+07,30000,7052.1938,0,0,0,0,0.241,0
1,0,0,1,2.80E+06,30000,440.7621,0,0,1,0.19669,0.6698,0.293654822
1,0,0,1.25,3.50E+06,30000,688.6908,0,0,1,0.12246,0.5228,0.234238715
1,0,0,1.5,4.30E+06,30000,991.7147,0,0,1,0.1209,0.4767,0.253618628
1,0,0,1.75,5.00E+06,30000,1349.834,0,0,1,0.11856,0.4411,0.268782589
1,0,0,2,5.70E+06,30000,1763.0485,0,0,1,0.116285,0.411,0.282931873
1,0,0,2.5,7.10E+06,30000,2754.7632,0,0,1,0.10998,0.3545,0.310239774
1,0,0,3,8.50E+06,30000,3966.8589,0,0,1,0.10452,0.3096,0.337596899
1,0,0,4,1.10E+07,30000,7052.1938,0,0,1,0.09776,0.2439,0.400820008
1,0,0,1,2.80E+06,30000,440.7621,0,0,5,1.066455,0.8092,1.317912753
1,0,0,1.25,3.50E+06,30000,688.6908,0,0,5,0.72423,0.6229,1.162674587
1,0,0,1.5,4.30E+06,30000,991.7147,0,0,5,0.723515,0.5777,1.252406093
1,0,0,1.75,5.00E+06,30000,1349.834,0,0,5,0.711815,0.5405,1.316956522
1,0,0,2,5.70E+06,30000,1763.0485,0,0,5,0.70031,0.5089,1.376124975
1,0,0,2.5,7.10E+06,30000,2754.7632,0,0,5,0.668915,0.4483,1.492114655
1,0,0,3,8.50E+06,30000,3966.8589,0,0,5,0.641875,0.3998,1.605490245
1,0,0,4,1.10E+07,30000,7052.1938,0,0,5,0.607425,0.3296,1.842915655
1,0,0,1,2.80E+06,30000,440.7621,0,0,10,2.254005,1.28,1.760941406
1,0,0,1.25,3.50E+06,30000,688.6908,0,0,10,1.683175,0.9942,1.692994367
1,0,0,1.5,4.30E+06,30000,991.7147,0,0,10,1.75916,0.977,1.800573183
1,0,0,1.75,5.00E+06,30000,1349.834,0,0,10,1.73706,0.9352,1.857420873
1,0,0,2,5.70E+06,30000,1763.0485,0,0,10,1.715285,0.8991,1.907780002
1,0,0,2.5,7.10E+06,30000,2754.7632,0,0,10,1.661855,0.828,2.007071256
1,0,0,3,8.50E+06,30000,3966.8589,0,0,10,1.62448,0.7729,2.101798422
1,0,0,4,1.10E+07,30000,7052.1938,0,0,10,1.5587,0.6891,2.261935858
1,0,0,1,2.80E+06,30000,440.7621,0,0,15,3.61985,2.1653,1.671754491
1,0,0,1.25,3.50E+06,30000,688.6908,0,0,15,2.71817,1.6744,1.623369565
1,0,0,1.5,4.30E+06,30000,991.7147,0,0,15,2.90914,1.7234,1.688023674
1,0,0,1.75,5.00E+06,30000,1349.834,0,0,15,2.925065,1.6979,1.722754579
1,0,0,2,5.70E+06,30000,1763.0485,0,0,15,2.89354,1.6546,1.748785205
1,0,0,2.5,7.10E+06,30000,2754.7632,0,0,15,2.856035,1.5821,1.805217749
1,0,0,3,8.50E+06,30000,3966.8589,0,0,15,2.79955,1.5135,1.849719194
1,0,0,4,1.10E+07,30000,7052.1938,0,0,15,2.587715,1.3598,1.903011472
1,0,0,1,2.80E+06,30000,440.7621,0,0,20,5.144425,3.5605,1.444860272
1,0,0,1.25,3.50E+06,30000,688.6908,0,0,20,4.02831,2.8376,1.419618692
1,0,0,1.5,4.30E+06,30000,991.7147,0,0,20,4.179175,2.8864,1.447884909
1,0,0,1.75,5.00E+06,30000,1349.834,0,0,20,4.33979,2.9546,1.468824883
1,0,0,2,5.70E+06,30000,1763.0485,0,0,20,4.291365,2.9001,1.479730009
1,0,0,2.5,7.10E+06,30000,2754.7632,0,0,20,4.17586,2.7779,1.503243457
1,0,0,3,8.50E+06,30000,3966.8589,0,0,20,3.98749,2.6266,1.51811848
1,0,0,4,1.10E+07,30000,7052.1938,0,0,20,3.69551,2.396,1.542366444
1,0,0,1,1.20E+06,50000,170.5209,0,0,-5,-1.0634,0.8639,-1.230929506
1,0,0,1.25,1.50E+06,50000,266.4388,0,0,-5,-0.722085,0.661,-1.092413011
1,0,0,1.5,1.80E+06,50000,383.6719,0,0,-5,-0.72163,0.6113,-1.180484214
1,0,0,1.75,2.10E+06,50000,522.2202,0,0,-5,-0.71006,0.5719,-1.241580696
1,0,0,2,2.40E+06,50000,682.0835,0,0,-5,-0.698555,0.5396,-1.294579318
1,0,0,2.5,3.00E+06,50000,1065.7554,0,0,-5,-0.667225,0.4786,-1.394118262
1,0,0,3,3.50E+06,50000,1534.6877,0,0,-5,-0.640315,0.4274,-1.498163313
1,0,0,4,4.70E+06,50000,2728.334,0,0,-5,-0.606125,0.3526,-1.719015882
1,0,0,1,1.20E+06,50000,170.5209,0,0,-1,-0.19604,0.7248,-0.270474614
1,0,0,1.25,1.50E+06,50000,266.4388,0,0,-1,-0.122005,0.5611,-0.217438959
1,0,0,1.5,1.80E+06,50000,383.6719,0,0,-1,-0.12051,0.5105,-0.236062684
1,0,0,1.75,2.10E+06,50000,522.2202,0,0,-1,-0.118235,0.4727,-0.25012693
1,0,0,2,2.40E+06,50000,682.0835,0,0,-1,-0.11596,0.4419,-0.26241231
1,0,0,2.5,3.00E+06,50000,1065.7554,0,0,-1,-0.109655,0.385,-0.284818182
1,0,0,3,3.50E+06,50000,1534.6877,0,0,-1,-0.104195,0.3373,-0.308908983
1,0,0,4,4.70E+06,50000,2728.334,0,0,-1,-0.0975,0.2671,-0.365031823
1,0,0,1,1.20E+06,50000,170.5209,0,0,0,0,0.7194,0
1,0,0,1.25,1.50E+06,50000,266.4388,0,0,0,0,0.5575,0
1,0,0,1.5,1.80E+06,50000,383.6719,0,0,0,0,0.507,0
1,0,0,1.75,2.10E+06,50000,522.2202,0,0,0,0,0.4692,0
1,0,0,2,2.40E+06,50000,682.0835,0,0,0,0,0.4385,0
1,0,0,2.5,3.00E+06,50000,1065.7554,0,0,0,0,0.3818,0
1,0,0,3,3.50E+06,50000,1534.6877,0,0,0,0,0.3342,0
1,0,0,4,4.70E+06,50000,2728.334,0,0,0,0,0.2641,0
1,0,0,1,1.20E+06,50000,170.5209,0,0,1,0.19604,0.7248,0.270474614
1,0,0,1.25,1.50E+06,50000,266.4388,0,0,1,0.122005,0.5611,0.217438959
1,0,0,1.5,1.80E+06,50000,383.6719,0,0,1,0.12051,0.5105,0.236062684
1,0,0,1.75,2.10E+06,50000,522.2202,0,0,1,0.118235,0.4727,0.25012693
1,0,0,2,2.40E+06,50000,682.0835,0,0,1,0.11596,0.4419,0.26241231
1,0,0,2.5,3.00E+06,50000,1065.7554,0,0,1,0.109655,0.385,0.284818182
1,0,0,3,3.50E+06,50000,1534.6877,0,0,1,0.104195,0.3373,0.308908983
1,0,0,4,4.70E+06,50000,2728.334,0,0,1,0.0975,0.2671,0.365031823
1,0,0,1,1.20E+06,50000,170.5209,0,0,5,1.0634,0.8639,1.230929506
1,0,0,1.25,1.50E+06,50000,266.4388,0,0,5,0.722085,0.661,1.092413011
1,0,0,1.5,1.80E+06,50000,383.6719,0,0,5,0.72163,0.6113,1.180484214
1,0,0,1.75,2.10E+06,50000,522.2202,0,0,5,0.71006,0.5719,1.241580696
1,0,0,2,2.40E+06,50000,682.0835,0,0,5,0.698555,0.5396,1.294579318
1,0,0,2.5,3.00E+06,50000,1065.7554,0,0,5,0.667225,0.4786,1.394118262
1,0,0,3,3.50E+06,50000,1534.6877,0,0,5,0.640315,0.4274,1.498163313
1,0,0,4,4.70E+06,50000,2728.334,0,0,5,0.606125,0.3526,1.719015882
1,0,0,1,1.20E+06,50000,170.5209,0,0,10,2.24783,1.3337,1.685409013
1,0,0,1.25,1.50E+06,50000,266.4388,0,0,10,1.678885,1.0315,1.627615124
1,0,0,1.5,1.80E+06,50000,383.6719,0,0,10,1.75539,1.01,1.738009901
1,0,0,1.75,2.10E+06,50000,522.2202,0,0,10,1.73355,0.966,1.794565217
1,0,0,2,2.40E+06,50000,682.0835,0,0,10,1.71184,0.9293,1.84207468
1,0,0,2.5,3.00E+06,50000,1065.7554,0,0,10,1.65841,0.8578,1.933329447
1,0,0,3,3.50E+06,50000,1534.6877,0,0,10,1.62136,0.7999,2.026953369
1,0,0,4,4.70E+06,50000,2728.334,0,0,10,1.5561,0.7118,2.186147794
1,0,0,1,1.20E+06,50000,170.5209,0,0,15,3.61075,2.2175,1.628297632
1,0,0,1.25,1.50E+06,50000,266.4388,0,0,15,2.711865,1.7106,1.585329709
1,0,0,1.5,1.80E+06,50000,383.6719,0,0,15,2.903615,1.7553,1.654198712
1,0,0,1.75,2.10E+06,50000,522.2202,0,0,15,2.919865,1.7277,1.690030098
1,0,0,2,2.40E+06,50000,682.0835,0,0,15,2.88847,1.6837,1.715549088
1,0,0,2.5,3.00E+06,50000,1065.7554,0,0,15,2.85103,1.6109,1.769836737
1,0,0,3,3.50E+06,50000,1534.6877,0,0,15,2.795,1.5397,1.815288693
1,0,0,4,4.70E+06,50000,2728.334,0,0,15,2.58388,1.3817,1.870073098
1,0,0,1,1.20E+06,50000,170.5209,0,0,20,5.132595,3.6105,1.421574574
1,0,0,1.25,1.50E+06,50000,266.4388,0,0,20,4.02012,2.8721,1.399714495
1,0,0,1.5,1.80E+06,50000,383.6719,0,0,20,4.17196,2.9169,1.430271864
1,0,0,1.75,2.10E+06,50000,522.2202,0,0,20,4.33303,2.9831,1.452525896
1,0,0,2,2.40E+06,50000,682.0835,0,0,20,4.2848,2.928,1.463387978
1,0,0,2.5,3.00E+06,50000,1065.7554,0,0,20,4.16936,2.8055,1.486137943
1,0,0,3,3.50E+06,50000,1534.6877,0,0,20,3.98151,2.6517,1.501493382
1,0,0,4,4.70E+06,50000,2728.334,0,0,20,3.690505,2.417,1.526894911
1,0,0,1,5.80E+05,65000,83.2505,0,0,-5,-1.06028,0.9184,-1.154486063
1,0,0,1.25,7.20E+05,65000,130.0789,0,0,-5,-0.719745,0.7014,-1.026154833
1,0,0,1.5,8.60E+05,65000,187.3136,0,0,-5,-0.71942,0.6491,-1.108334617
1,0,0,1.75,1.00E+06,65000,254.9546,0,0,-5,-0.708045,0.6075,-1.165506173
1,0,0,2,1.20E+06,65000,333.0019,0,0,-5,-0.69667,0.5732,-1.215404745
1,0,0,2.5,1.40E+06,65000,520.3155,0,0,-5,-0.66547,0.5089,-1.307663588
1,0,0,3,1.70E+06,65000,749.2543,0,0,-5,-0.638755,0.4548,-1.404474494
1,0,0,4,2.30E+06,65000,1332.0076,0,0,-5,-0.604825,0.3757,-1.609861592
1,0,0,1,5.80E+05,65000,83.2505,0,0,-1,-0.195455,0.7796,-0.250711904
1,0,0,1.25,7.20E+05,65000,130.0789,0,0,-1,-0.12155,0.6017,-0.202010969
1,0,0,1.5,8.60E+05,65000,187.3136,0,0,-1,-0.12012,0.5486,-0.218957346
1,0,0,1.75,1.00E+06,65000,254.9546,0,0,-1,-0.11778,0.5085,-0.231622419
1,0,0,2,1.20E+06,65000,333.0019,0,0,-1,-0.11557,0.4757,-0.242947236
1,0,0,2.5,1.40E+06,65000,520.3155,0,0,-1,-0.109265,0.4154,-0.263035628
1,0,0,3,1.70E+06,65000,749.2543,0,0,-1,-0.10387,0.3649,-0.28465333
1,0,0,4,2.30E+06,65000,1332.0076,0,0,-1,-0.09724,0.2903,-0.334963831
1,0,0,1,5.80E+05,65000,83.2505,0,0,0,0,0.7742,0
1,0,0,1.25,7.20E+05,65000,130.0789,0,0,0,0,0.5981,0
1,0,0,1.5,8.60E+05,65000,187.3136,0,0,0,0,0.545,0
1,0,0,1.75,1.00E+06,65000,254.9546,0,0,0,0,0.505,0
1,0,0,2,1.20E+06,65000,333.0019,0,0,0,0,0.4723,0
1,0,0,2.5,1.40E+06,65000,520.3155,0,0,0,0,0.4122,0
1,0,0,3,1.70E+06,65000,749.2543,0,0,0,0,0.3618,0
1,0,0,4,2.30E+06,65000,1332.0076,0,0,0,0,0.2874,0
1,0,0,1,5.80E+05,65000,83.2505,0,0,1,0.195455,0.7796,0.250711904
1,0,0,1.25,7.20E+05,65000,130.0789,0,0,1,0.12155,0.6017,0.202010969
1,0,0,1.5,8.60E+05,65000,187.3136,0,0,1,0.12012,0.5486,0.218957346
1,0,0,1.75,1.00E+06,65000,254.9546,0,0,1,0.11778,0.5085,0.231622419
1,0,0,2,1.20E+06,65000,333.0019,0,0,1,0.11557,0.4757,0.242947236
1,0,0,2.5,1.40E+06,65000,520.3155,0,0,1,0.109265,0.4154,0.263035628
1,0,0,3,1.70E+06,65000,749.2543,0,0,1,0.10387,0.3649,0.28465333
1,0,0,4,2.30E+06,65000,1332.0076,0,0,1,0.09724,0.2903,0.334963831
1,0,0,1,5.80E+05,65000,83.2505,0,0,5,1.06028,0.9184,1.154486063
1,0,0,1.25,7.20E+05,65000,130.0789,0,0,5,0.719745,0.7014,1.026154833
1,0,0,1.5,8.60E+05,65000,187.3136,0,0,5,0.71942,0.6491,1.108334617
1,0,0,1.75,1.00E+06,65000,254.9546,0,0,5,0.708045,0.6075,1.165506173
1,0,0,2,1.20E+06,65000,333.0019,0,0,5,0.69667,0.5732,1.215404745
1,0,0,2.5,1.40E+06,65000,520.3155,0,0,5,0.66547,0.5089,1.307663588
1,0,0,3,1.70E+06,65000,749.2543,0,0,5,0.638755,0.4548,1.404474494
1,0,0,4,2.30E+06,65000,1332.0076,0,0,5,0.604825,0.3757,1.609861592
1,0,0,1,5.80E+05,65000,83.2505,0,0,10,2.24172,1.3872,1.61600346
1,0,0,1.25,7.20E+05,65000,130.0789,0,0,10,1.674335,1.0712,1.563046117
1,0,0,1.5,8.60E+05,65000,187.3136,0,0,10,1.7511,1.0471,1.67233311
1,0,0,1.75,1.00E+06,65000,254.9546,0,0,10,1.72952,1.0009,1.727964832
1,0,0,2,1.20E+06,65000,333.0019,0,0,10,1.70807,0.9623,1.77498701
1,0,0,2.5,1.40E+06,65000,520.3155,0,0,10,1.65503,0.8875,1.864822535
1,0,0,3,1.70E+06,65000,749.2543,0,0,10,1.61824,0.8269,1.956996009
1,0,0,4,2.30E+06,65000,1332.0076,0,0,10,1.5535,0.7344,2.115332244
1,0,0,1,5.80E+05,65000,83.2505,0,0,15,3.601715,2.2694,1.587078082
1,0,0,1.25,7.20E+05,65000,130.0789,0,0,15,2.70517,1.749,1.546695254
1,0,0,1.5,8.60E+05,65000,187.3136,0,0,15,2.89731,1.7913,1.617434266
1,0,0,1.75,1.00E+06,65000,254.9546,0,0,15,2.91395,1.7616,1.654149637
1,0,0,2,1.20E+06,65000,333.0019,0,0,15,2.882945,1.7157,1.680331643
1,0,0,2.5,1.40E+06,65000,520.3155,0,0,15,2.84596,1.6397,1.735658962
1,0,0,3,1.70E+06,65000,749.2543,0,0,15,2.79045,1.5658,1.782124154
1,0,0,4,2.30E+06,65000,1332.0076,0,0,15,2.580045,1.4037,1.838031631
1,0,0,1,5.80E+05,65000,83.2505,0,0,20,5.12083,3.6602,1.399057429
1,0,0,1.25,7.20E+05,65000,130.0789,0,0,20,4.01141,2.9089,1.379012685
1,0,0,1.5,8.60E+05,65000,187.3136,0,0,20,4.16377,2.9514,1.410777936
1,0,0,1.75,1.00E+06,65000,254.9546,0,0,20,4.32536,3.0155,1.434375725
1,0,0,2,1.20E+06,65000,333.0019,0,0,20,4.277585,2.9586,1.445813898
1,0,0,2.5,1.40E+06,65000,520.3155,0,0,20,4.162795,2.833,1.469394635
1,0,0,3,1.70E+06,65000,749.2543,0,0,20,3.975595,2.6767,1.485259835
1,0,0,4,2.30E+06,65000,1332.0076,0,0,20,3.685565,2.4381,1.511654567
1,0,0,1,3.50E+05,75000,51.7916,0,0,-5,-1.05781,0.9619,-1.099708909
1,0,0,1.25,4.40E+05,75000,80.9243,0,0,-5,-0.717925,0.7335,-0.97876619
1,0,0,1.5,5.30E+05,75000,116.531,0,0,-5,-0.71773,0.6793,-1.056572943
1,0,0,1.75,6.20E+05,75000,158.6117,0,0,-5,-0.70642,0.6359,-1.11089794
1,0,0,2,7.10E+05,75000,207.1663,0,0,-5,-0.69511,0.6001,-1.158323613
1,0,0,2.5,8.80E+05,75000,323.6973,0,0,-5,-0.664105,0.533,-1.24597561
1,0,0,3,1.10E+06,75000,466.1241,0,0,-5,-0.63752,0.4768,-1.337080537
1,0,0,4,1.40E+06,75000,828.665,0,0,-5,-0.60372,0.3944,-1.530730223
1,0,0,1,3.50E+05,75000,51.7916,0,0,-1,-0.194935,0.8233,-0.236772744
1,0,0,1.25,4.40E+05,75000,80.9243,0,0,-1,-0.12116,0.6341,-0.191073963
1,0,0,1.5,5.30E+05,75000,116.531,0,0,-1,-0.11973,0.5789,-0.206823286
1,0,0,1.75,6.20E+05,75000,158.6117,0,0,-1,-0.117455,0.537,-0.218724395
1,0,0,2,7.10E+05,75000,207.1663,0,0,-1,-0.115245,0.5027,-0.229252039
1,0,0,2.5,8.80E+05,75000,323.6973,0,0,-1,-0.109005,0.4398,-0.247851296
1,0,0,3,1.10E+06,75000,466.1241,0,0,-1,-0.10361,0.3871,-0.267656936
1,0,0,4,1.40E+06,75000,828.665,0,0,-1,-0.09698,0.3091,-0.313749596
1,0,0,1,3.50E+05,75000,51.7916,0,0,0,0,0.8179,0
1,0,0,1.25,4.40E+05,75000,80.9243,0,0,0,0,0.6305,0
1,0,0,1.5,5.30E+05,75000,116.531,0,0,0,0,0.5754,0
1,0,0,1.75,6.20E+05,75000,158.6117,0,0,0,0,0.5336,0
1,0,0,2,7.10E+05,75000,207.1663,0,0,0,0,0.4993,0
1,0,0,2.5,8.80E+05,75000,323.6973,0,0,0,0,0.4365,0
1,0,0,3,1.10E+06,75000,466.1241,0,0,0,0,0.384,0
1,0,0,4,1.40E+06,75000,828.665,0,0,0,0,0.3062,0
1,0,0,1,3.50E+05,75000,51.7916,0,0,1,0.194935,0.8233,0.236772744
1,0,0,1.25,4.40E+05,75000,80.9243,0,0,1,0.12116,0.6341,0.191073963
1,0,0,1.5,5.30E+05,75000,116.531,0,0,1,0.11973,0.5789,0.206823286
1,0,0,1.75,6.20E+05,75000,158.6117,0,0,1,0.117455,0.537,0.218724395
1,0,0,2,7.10E+05,75000,207.1663,0,0,1,0.115245,0.5027,0.229252039
1,0,0,2.5,8.80E+05,75000,323.6973,0,0,1,0.109005,0.4398,0.247851296
1,0,0,3,1.10E+06,75000,466.1241,0,0,1,0.10361,0.3871,0.267656936
1,0,0,4,1.40E+06,75000,828.665,0,0,1,0.09698,0.3091,0.313749596
1,0,0,1,3.50E+05,75000,51.7916,0,0,5,1.05781,0.9619,1.099708909
1,0,0,1.25,4.40E+05,75000,80.9243,0,0,5,0.717925,0.7335,0.97876619
1,0,0,1.5,5.30E+05,75000,116.531,0,0,5,0.71773,0.6793,1.056572943
1,0,0,1.75,6.20E+05,75000,158.6117,0,0,5,0.70642,0.6359,1.11089794
1,0,0,2,7.10E+05,75000,207.1663,0,0,5,0.69511,0.6001,1.158323613
1,0,0,2.5,8.80E+05,75000,323.6973,0,0,5,0.664105,0.533,1.24597561
1,0,0,3,1.10E+06,75000,466.1241,0,0,5,0.63752,0.4768,1.337080537
1,0,0,4,1.40E+06,75000,828.665,0,0,5,0.60372,0.3944,1.530730223
1,0,0,1,3.50E+05,75000,51.7916,0,0,10,2.236845,1.4299,1.564336667
1,0,0,1.25,4.40E+05,75000,80.9243,0,0,10,1.670695,1.1028,1.514957381
1,0,0,1.5,5.30E+05,75000,116.531,0,0,10,1.74772,1.0767,1.623219095
1,0,0,1.75,6.20E+05,75000,158.6117,0,0,10,1.726335,1.0288,1.678008359
1,0,0,2,7.10E+05,75000,207.1663,0,0,10,1.70508,0.9886,1.724742059
1,0,0,2.5,8.80E+05,75000,323.6973,0,0,10,1.6523,0.9112,1.81332309
1,0,0,3,1.10E+06,75000,466.1241,0,0,10,1.61577,0.8484,1.904490806
1,0,0,4,1.40E+06,75000,828.665,0,0,10,1.55142,0.7527,2.061139896
1,0,0,1,3.50E+05,75000,51.7916,0,0,15,3.5945,2.3108,1.555521897
1,0,0,1.25,4.40E+05,75000,80.9243,0,0,15,2.69984,1.7796,1.517104967
1,0,0,1.5,5.30E+05,75000,116.531,0,0,15,2.892305,1.8199,1.589265894
1,0,0,1.75,6.20E+05,75000,158.6117,0,0,15,2.90927,1.7886,1.626562675
1,0,0,2,7.10E+05,75000,207.1663,0,0,15,2.87846,1.7412,1.653147255
1,0,0,2.5,8.80E+05,75000,323.6973,0,0,15,2.841995,1.6627,1.709265051
1,0,0,3,1.10E+06,75000,466.1241,0,0,15,2.78681,1.5867,1.756355959
1,0,0,4,1.40E+06,75000,828.665,0,0,15,2.576925,1.4214,1.812948501
1,0,0,1,3.50E+05,75000,51.7916,0,0,20,5.111405,3.6999,1.381498149
1,0,0,1.25,4.40E+05,75000,80.9243,0,0,20,4.00452,2.9382,1.362916071
1,0,0,1.5,5.30E+05,75000,116.531,0,0,20,4.15727,2.9788,1.395619041
1,0,0,1.75,6.20E+05,75000,158.6117,0,0,20,4.31925,3.0414,1.420151904
1,0,0,2,7.10E+05,75000,207.1663,0,0,20,4.2718,2.9831,1.432000268
1,0,0,2.5,8.80E+05,75000,323.6973,0,0,20,4.157595,2.855,1.456250438
1,0,0,3,1.10E+06,75000,466.1241,0,0,20,3.970915,2.6967,1.472508992
1,0,0,4,1.40E+06,75000,828.665,0,0,20,3.681535,2.4551,1.499545843
